voltage_750,voltage_810,voltage_940,voltage_1600
3.3741762865360676,3.0990677783818796,2.856961021384578,1.21232181799135
